reviewId,reviewTitle,reviewDetail,reviewee,noOfStars,reviewDate,reviewerType,images,product_id
544416668,nicely best,best,kamal ,5,2024-02-14T09:17:42Z,anonymous_user,[],146012
543539224,Good,"Everything is good except the box, it smells like burnt plastic and also doesn't look good enough. vincent chase box would be a better alternative.",Krrish K.,4,2024-02-11T12:52:05Z,anonymous_user,[],146012
542513826,Awesome,very perfect ‚ù§Ô∏è‚Äçü©π,PRATIK,5,2024-02-08T11:37:25Z,anonymous_user,[],146012
541348170,üëç,product is nice but delivery is very late,Aryan j.,5,2024-02-02T14:25:50Z,anonymous_user,[],146012
541347938,üëçüëå,product is nice,Aryan j.,5,2024-02-02T14:24:23Z,anonymous_user,[],146012
537036817,Unique Design. Quality product.,"product is great! perfectly fit. I just loved it.üòç
thanks to lenskart!!‚ù§Ô∏è",Somya P.,5,2024-01-14T15:24:23Z,anonymous_user,[],146012
536652679,satisfied,these glasses look very good,Aparna K.,5,2024-01-12T04:55:26Z,anonymous_user,[],146012
530962284,highly satisfied,good quality. unexpected quality...even i get blue cut lenses üòÇ which was not in the package...üòÜüòÜ normal hardcore glasses was in thr package but they delivered me with the blue cut glasses...üòäüòä,Aman ,5,2023-12-16T13:22:53Z,anonymous_user,[],146012
529261085,Satisfactory Product,"Good quality, correct powers , Affordable price , Amazing service and Fast delivery",Ankita S.,5,2023-12-09T05:06:03Z,anonymous_user,[],146012
527722369,Classy look,The golden details look amazing with the transparent frame.,Mansi R.,4,2023-12-04T12:25:31Z,anonymous_user,[],146012
526815847,lenskart AIR,EYECONIC üëìüòé,kirtan j.,4,2023-11-30T02:53:55Z,anonymous_user,[],146012
525423122,perfect amazing product,"looking good, happy",praveen a.,5,2023-11-24T01:40:19Z,anonymous_user,[],146012
525139838,Comfortable to wear.,"This Lenskart Air Spectacle is designed for ultimate comfort, ensuring a seamless and enjoyable experience for your eyes. and I love it.",Ritabrata M.,5,2023-11-22T12:21:38Z,anonymous_user,[],146012
522934915,super,best,praveen a.,5,2023-11-13T00:24:19Z,anonymous_user,[],146012
522917836,"Good, Great, SuperB!",üî•üî•üî•,Aisha R.,5,2023-11-12T20:38:34Z,anonymous_user,[],146012
521881814,very nice product,"So comfortable frame and worth for money,just loved it",Shagoofa S.,5,2023-11-07T09:39:46Z,anonymous_user,[],146012
521418372,good quality,The product is having nice e quantity and design,alwin ,5,2023-11-05T14:20:42Z,anonymous_user,[],146012
521303637,Nice Product,"Great Fit
Go for It!",Sourav K.,5,2023-11-04T18:05:48Z,anonymous_user,[],146012
517874631,Good quality and service,I like the quality and service at the Lenskart showroom Bandlaguda. Akrity helped choose the glasses and guided me through the process of booking the order.,Alok,5,2023-10-29T14:07:05Z,anonymous_user,[],146012
517398153,Awesome service and products,Must visit the shore and try this product once,dahyesh d.,5,2023-10-27T11:36:00Z,anonymous_user,[],146012
514743850,good,fits perfect,Md S.,5,2023-10-22T04:46:42Z,anonymous_user,[],146012
512389506,Superb,I like this product.,P V.,5,2023-10-14T13:35:16Z,anonymous_user,[],146012
506380469,I love it üíñüòç,good üëçüòä,Juveriya Q.,5,2023-09-30T18:05:04Z,anonymous_user,[],146012
500444125,nice,good,deva ,4,2023-09-13T07:13:40Z,anonymous_user,[],146012
495239431,Awesome üí´,Very Nice Perfect Size,Patel N.,5,2023-08-21T13:00:15Z,anonymous_user,[],146012
494939563,Lenskart air,Excellent product from lenskart,Sachit S.,5,2023-08-20T15:28:24Z,anonymous_user,[],146012
492677339,perfect,Its light and looks awesome,fayaz a.,5,2023-08-12T15:39:35Z,verified_reviewer,[],146012
483640345,Lenskart Air,It's good.,Sahil D.,4,2023-07-17T11:34:34Z,anonymous_user,[],146012
481776138,really good,must buy category,rushikesh k.,4,2023-07-07T01:08:29Z,anonymous_user,[],146012
480666821,Corrosion Issue,My frame is rusting because of water but the over all quality of the frame and lens is quite good and I have seen another issue with the lens is that it has scratches all over the lens,Ahmed A.,4,2023-07-01T04:02:39Z,verified_reviewer,[],146012
479992102,I have been waiting for this frame for 4 months.,"I love this frame, but it is currently out of stock and i am still waiting for it",Ayush M.,5,2023-06-27T11:24:02Z,verified_reviewer,[],146012
471263543,Excellent,Best Quality Brand in India,Aayansh M.,5,2023-05-23T17:01:56Z,anonymous_user,[],146012
468775503,experience,i tried it first time I loved it and good experience form lenskart,Asagarali A.,5,2023-05-11T13:42:03Z,anonymous_user,[],146012
468506503,Nice Product,Good quality and nice frame,Ashwin,5,2023-05-10T09:08:54Z,anonymous_user,[],146012
451198877,good,"nice adjustment,good looking",dinesh ,4,2023-03-08T07:28:56Z,anonymous_user,[],146012
449558023,good quality,fit is good,Vishal,5,2023-03-02T02:15:12Z,anonymous_user,[],146012
447582564,very good,very good,Debalina D.,5,2023-02-24T10:24:44Z,anonymous_user,[],146012
447495750,üï∂Ô∏è are awesome,I try lenskart for 1 time and I love him glasses and delivery experience,sourabh s.,5,2023-02-24T05:51:03Z,anonymous_user,[],146012
445800752,Loved it,Loved itüòª,Deepshikha s.,5,2023-02-21T08:08:31Z,anonymous_user,[],146012
441663282,Nothing just wow,Good one I am happy thanks for lenskart,dinesh ,5,2023-02-13T12:43:57Z,anonymous_user,[],146012
439083740,Classic,Nice and Shine,Harsh S.,5,2023-02-05T16:46:30Z,anonymous_user,[],146012
439036939,comment,"the size and power is perfect as I expected, thank you so much lenskart",TODAM K.,5,2023-02-05T07:43:28Z,anonymous_user,[],146012
437543407,"Feels premium, looks premium","Quite good quality at this price range, loved this product",Kunjal P.,5,2023-02-01T14:23:40Z,verified_reviewer,[],146012
437538868,size,too big,Varsity K.,4,2023-02-01T14:12:13Z,anonymous_user,[],146012
437322560,Nice but... Delivery üëéüèª,1st off all specs build quality and perfection is best but i didnt be satisfied with delivery coz delivery ( DTDC ) not delivered to my address thay called me and told me to collect courier from there delivery spot that was not good,akhilesh v.,4,2023-01-31T12:36:26Z,anonymous_user,[],146012
437320724,super,superb product,aadarsh ,5,2023-01-31T12:12:16Z,anonymous_user,[],146012
437320650,superb,very nice product,aadarsh ,5,2023-01-31T12:11:31Z,anonymous_user,[],146012
435136865,Great Purchase,Im glad I bought it suits well and quality material n service,Poras K.,5,2023-01-28T07:54:14Z,verified_reviewer,[],146012
434685484,superb product,"Although this is my first specs from lenskart and I am highly satisfied with the product quality and finish and lenses are too good , at this price range this is the must buy product,Go for it",Aniket V.,5,2023-01-26T19:56:24Z,verified_reviewer,[],146012
434355474,glass,good quality,Sherly M.,5,2023-01-25T06:57:43Z,anonymous_user,[],146012
434111097,Aa expected from a brand like lenskart,"Feels premium, looks premium and pricing is so perfect, dont think just go for it",Ayush P.,5,2023-01-24T13:05:14Z,verified_reviewer,[],146012
432672171,Unexpectedly good,product is so good that first time I wore it my first reaction was WOW excellent product specially the blue cut lenses from here onwards i will never buy from offline store lenskart will be my go to store,shrikant,5,2023-01-18T09:22:32Z,verified_reviewer,[],146012
432382184,Paisa Wadool Product,"Frame is Good,there is no fitting issue,Quality of frame and Glasses is Also fine,fully satisfied with product Thanks Lenskart",Sanjay S.,5,2023-01-17T13:18:27Z,anonymous_user,[],146012
430191638,looks Good But Quality could be better,looks good though but there comes a cracking sound of cheap plastic whenever i wear or remove glasses from the sides,rahul v.,4,2023-01-05T17:06:32Z,verified_reviewer,[],146012
428223636,wow,thankyou lenskart,Nikhil A.,5,2022-12-28T09:20:52Z,anonymous_user,[],146012
427744661,be comfortable,Value of money and satisfied,shah a.,5,2022-12-26T03:52:46Z,anonymous_user,[],146012
427128586,Premium,best product premium look,swanand p.,5,2022-12-22T10:03:33Z,verified_reviewer,[],146012
423077321,i bought in 802 rupees,"Best quality, weightless, looking awesome, and comfort",Vaibhav G.,4,2022-12-06T04:16:52Z,verified_reviewer,[],146012
420663703,Awesome Product,Good quality frame,Sairam,5,2022-11-23T13:07:08Z,verified_reviewer,[],146012
419073985,Average,Frame is Nice but lenses are not strong broken/scratch after dropped,Ankit R.,3,2022-11-17T13:10:30Z,anonymous_user,[],146012
418988720,Good fitting,Good fitting,Anuj,5,2022-11-17T04:48:50Z,verified_buyer,[],146012
418981536,This looks good but a,This looks good but a bit larger,Shiva,4,2022-11-17T03:59:26Z,verified_buyer,[],146012
418243151,"Good , but it has","Good , but it has some reflection problem in day light.",Debasish,4,2022-11-14T05:35:58Z,verified_buyer,[],146012
418154656,V good,V good,Rachana,5,2022-11-13T07:53:14Z,verified_buyer,[],146012
417575670,Very good,Very good,Rajesh,5,2022-11-11T05:00:29Z,verified_buyer,[],146012
416177801,Next level,Best quality and fast deliverd,Mukesh B.,5,2022-11-04T19:09:27Z,anonymous_user,[],146012
414862871,good üëç,good,Lilambar S.,4,2022-10-31T11:30:31Z,anonymous_user,[],146012
414778270,eyeglasses,very very nice for blue coting and fream air best work,abdul a.,5,2022-10-31T07:03:32Z,verified_reviewer,[],146012
414207499,Good,Very good,Lucky R.,5,2022-10-28T11:02:42Z,anonymous_user,[],146012
412255053,defective,has some scratches on glass and frame too,Vaishnavi m.,3,2022-10-20T06:52:54Z,anonymous_user,[],146012
412211975,Alingments,"There is an issue of alignment, I take the help of the executive but Im still not satisfied because when I tried this at the store and when I received the product I found differences in alignment",prabhat d.,3,2022-10-20T00:54:30Z,verified_reviewer,[],146012
409632611,good,the product is slim in design and compact too,shankrappa ,5,2022-10-12T07:45:22Z,anonymous_user,[],146012
409632490,good,the product is stylish and the power of glasses are also good,shankrappa ,5,2022-10-12T07:44:15Z,anonymous_user,[],146012
408852148,vary good,it was vary nice product,Abdul A.,5,2022-10-10T10:00:17Z,anonymous_user,[],146012
408176120,GOOD,Very nice but I dont like lenskart logo on right side glass,Ankit R.,5,2022-10-07T08:40:21Z,anonymous_user,[],146012
406581964,review,very good service quality is super,mohit b.,5,2022-09-30T12:46:18Z,anonymous_user,[],146012
406304254,Lenskart op,A good quality product,DB S.,5,2022-09-29T05:54:04Z,anonymous_user,[],146012
403685016,good,nice,fayaz ,5,2022-09-16T06:44:44Z,anonymous_user,[],146012
398537724,excellent,real true beauty of your excellent work love it,R K.,5,2022-08-30T15:13:05Z,anonymous_user,[],146012
395466547,Looks,It looks nice but it could have been more better in terms of quality,Bhaskar M.,4,2022-08-20T05:06:28Z,verified_reviewer,[],146012
392081155,Awesome üëç,I am Satisfied with this product thank you lenskart,Abhi l.,4,2022-08-12T15:11:50Z,anonymous_user,[],146012
391602340,Excellent,"you can surely go for it,best quality and lenses and fram is also very good in looks and quality wise,worth it,absolutely go for middle frame size,anyone not gonna to regret about",Vibhu s.,5,2022-08-10T17:26:20Z,anonymous_user,[],146012
387721125,Good quality. And the visibility is good. Go for 3600 plan. which has scratch resistance and dust.,there is no antifog for 2600 plan so go for 3600,Appu B.,5,2022-07-25T07:32:17Z,verified_reviewer,[],146012
386657277,tight frame,"frame is tight, leaves mark on nose and near the ears",Shubham S.,3,2022-07-20T02:35:41Z,verified_reviewer,[],146012
385300737,good. classy smart and elegant,awesome purchase and a very good value for money,Rajesh S.,5,2022-07-12T12:36:02Z,anonymous_user,[],146012
383579166,Loved it,"I absolutely loved these glasses, It looks so good in real life and It was a perfect fit for me I would definitely recommend it",MK N.,5,2022-07-03T21:21:47Z,verified_reviewer,[],146012
382604638,average,"transparent frame and lens are great, and quality is top notch, but they use feviquick which turned it white from transparent, its side look is spoiled and looks white, but from front it is good, it you are gonna buy transparent or crystal frame be carefull",akashi ,3,2022-06-30T12:01:26Z,anonymous_user,[],146012
380442959,Amazing specs,"Great looking specs. Value for money, just for it without thinking much ! üíØüî•",Abdul R.,5,2022-06-22T08:28:36Z,anonymous_user,[],146012
380421460,Nice product,"Light weight, Premium design,Nice product,clear visible",soumya ,5,2022-06-22T05:27:40Z,verified_reviewer,[],146012
379573347,Very good,This spex is very light and good. Its best suited for computer users,Jayvardhan,5,2022-06-18T17:09:07Z,anonymous_user,[],146012
379007662,look is good,"i like the frame and lens, but its stick outward, it should be align inward like other frames so it tightly fit while wearing it, it stick its stick is not straight, its slightly curved inside so i cant bend it little more to adjust on my face",akashi ,3,2022-06-16T16:57:39Z,anonymous_user,[],146012
378813955,very good,very good quality,Dey ,4,2022-06-16T06:20:30Z,anonymous_user,[],146012
377464462,Recommendable,I loved the specs its small rectangular in shape with perfect fit Thankyou Lenskart,Khushi G.,5,2022-06-11T17:07:32Z,anonymous_user,[],146012
375130917,Nice specs and lenses ‚ú®,deliver before the date of delivery date quality of frame is good,Waqar A.,3,2022-06-06T05:53:28Z,verified_reviewer,[],146012
374740236,awesome,awesome,NAV s.,5,2022-06-05T02:09:06Z,verified_reviewer,[],146012
372204827,Excellent,Very light weight and extremely well designed,deepjoy L.,5,2022-05-30T10:50:34Z,anonymous_user,[],146012
370413306,very nice quality,good product,gopi ,5,2022-05-26T00:51:01Z,anonymous_user,[],146012
362493725,Awesome,"My partner selected this one for me, and I must say, I am loving it",Sandipan D.,5,2022-05-02T14:48:35Z,verified_reviewer,[],146012
357781586,comfortable glasses,I satisfied customers sale services,Mohesh D.,5,2022-04-18T03:17:58Z,anonymous_user,[],146012
357286260,The Best.,"Man, I am loving this specs l, At first I was skeptical about how would I look in it, But after a day of usage, I am in love with this, Fits perfect, looks fine, All in all the best so far",Sandipan D.,5,2022-04-15T12:12:02Z,verified_reviewer,[],146012
347640001,Go for it!!,Excellent quality of frame and lenses. Very light and comfortable to wear. Looks good and trendy as well! Go for it!,Ravi P.,5,2022-03-17T07:33:38Z,verified_reviewer,[],146012
346983951,Premium,Just go for it without any hesitation,Anjum S.,5,2022-03-15T11:42:11Z,verified_reviewer,[],146012
346266213,Fitting not upto the mark,The spectacle is slightly bent,Sneh D.,3,2022-03-12T17:28:40Z,verified_reviewer,[],146012
344951703,good,good,Ajeet K.,5,2022-03-08T11:45:33Z,anonymous_user,[],146012
344239328,Satisfied with Product quality and customer service,I really liked this specs looks good on me and quality is nice,SRP  ,5,2022-03-05T16:40:35Z,anonymous_user,[],146012
337305482,Excellent glasses,"Excellent glasses, quality of frame and lenses are amazing",Omkar ,5,2022-02-12T13:01:37Z,anonymous_user,[],146012
335321298,"lenscart shop crossing republic 
behaviour not good",staff not good,Dinesh V.,4,2022-02-07T13:53:00Z,anonymous_user,[],146012
333824041,Sharma,"Very very happy with the purchase. Lenskart rocks! Best part about them is they cut the lenses to exact precision. I've never had any issue such as headache or irregular vision whenever I buy from them. Talking about this product, it's perfect fit and it looks soo soo good and premium. Definitely recommended.",Lavneet,5,2022-02-02T10:45:56Z,verified_reviewer,[],146012
330335712,That golden nd white combination is just classy,"perfect frame size , neither big nor small",Danish u.,5,2022-01-19T16:25:12Z,anonymous_user,[],146012
325499620,nice frame,"perfect and amazing eyeglasses , comfortable fit with nice design , looks good",Himanshu G.,5,2021-12-30T16:43:34Z,anonymous_user,[],146012
315540887,good frame,"im giving 5 star bcz Im exchanging my frame for the fourth time bcz of size issues , They are so kind that If You dont like the frame you can exchange or ask for refund n number of times,,quality of this particular frame is really good",jerin ,5,2021-11-28T13:36:19Z,anonymous_user,[],146012
314849279,About glasses,firstly lenskart provided too small case but I changed it from nearby lenskart store so ultimately good quality and satisfied with frame and glasses,Vimal R.,4,2021-11-25T13:30:44Z,verified_reviewer,[],146012
313882394,it's very nice.. u can go for it!,good,Veeresh G.,5,2021-11-21T07:07:36Z,anonymous_user,[],146012
313881897,best,best if b st,Rahul S.,5,2021-11-21T06:55:45Z,anonymous_user,[],146012
306966304,Lenskart never disappoints,"perfect fit, perfect style keep up the good work you guys are awesome",saikat ,5,2021-10-30T11:42:32Z,verified_reviewer,[],146012
305610848,Appreciateüôè. Perfect fit and good quality.,lencse is also perfect,Mukesh j.,5,2021-10-23T21:46:49Z,anonymous_user,[],146012
276697167,Great design,Initially some adjustments had to be done to the frame on my own as I have ordered prescription glasses Then the frame looks great and light weight Looks promising,Sankar ,5,2021-07-20T09:15:06Z,verified_reviewer,[],146012
274788616,Baljit Kaur,Really good service by staff and fully satisfied with the spectacles,BELAPUR M.,5,2021-07-12T03:59:20Z,anonymous_user,[],146012
254376640,üòÄ,good quality product,Dr s.,5,2021-05-17T09:06:54Z,anonymous_user,[],146012
254148485,good quality,bigger width / frame size than expected more than 137mm,Ajay N.,4,2021-05-15T10:24:56Z,verified_reviewer,[],146012
252465626,Amazing Glasses,Glasses are nice and comfortable,Rushikesh P.,5,2021-05-06T12:33:09Z,verified_reviewer,[],146012
252382643,Quality,Frames are too good and even glasses looking good classy,Praveen P.,5,2021-05-05T19:09:09Z,anonymous_user,[],146012
252293811,nice,"good product, satisfied with the len quality and built of the frame",kaustuv ,5,2021-05-05T11:18:28Z,anonymous_user,[],146012
251416179,fab,fab,Suhani S.,5,2021-04-30T09:49:56Z,verified_reviewer,[],146012
250400676,good,look great on me,Namrata K.,5,2021-04-26T10:16:10Z,verified_reviewer,[],146012
247808015,review,nice and comfortable,Shashi K.,5,2021-04-19T07:14:08Z,anonymous_user,[],146012
247683512,Wonderful as usual,Wonderful as usual,Sharad T.,5,2021-04-18T03:29:43Z,verified_reviewer,[],146012
247209150,Thank you,"I loved it and its light weight , too great to lenskart",Prakash N.,5,2021-04-15T14:26:43Z,anonymous_user,[],146012
242878167,Liked it,Larger than expected it is good,shadev k.,5,2021-04-04T10:23:45Z,verified_reviewer,[],146012
242466617,Box issue,"glass is all good, I like the glass the power is perfect but the quality of the box is not upto the mark it didnt close properly",Mrityunjoy ,3,2021-04-02T03:23:36Z,verified_reviewer,[],146012
242296936,A good product,product quality is nice,Aditya ,5,2021-04-01T13:53:33Z,verified_reviewer,[],146012
242106986,good,good,supreeth k.,5,2021-03-31T07:01:08Z,anonymous_user,[],146012
240794186,Satisfactory,The quality of the glass and frame is good,Subham D.,4,2021-03-24T05:55:26Z,verified_reviewer,[],146012
240790459,Awesome,"Feels light weight and comfortable, looks trendy and cool",Vibhor T.,4,2021-03-24T05:30:10Z,anonymous_user,[],146012
238748473,quality and product,its completely comfortable and good for wearing,Navi S.,4,2021-03-16T09:20:10Z,verified_reviewer,[],146012
238633101,good product,good,dileep k.,4,2021-03-15T17:55:01Z,anonymous_user,[],146012
235559980,Value for money,This product is full value for money and very comfortable also it is very light weight You must go for it,nitesh s.,5,2021-03-02T06:11:08Z,verified_reviewer,[],146012
235468219,Awesome Frame,"Great work Lenskart, such a fine quality, satisfied with the work Thank You",Pranav c.,5,2021-03-01T13:51:17Z,anonymous_user,[],146012
235196948,Good,Wait less and cool,Hema D.,5,2021-02-27T11:42:28Z,anonymous_user,[],146012
233634692,nice,well,Vijay ,5,2021-02-23T17:02:34Z,anonymous_user,[],146012
233245938,professional,build was ok and lenses was best and recommend 3d reconfirm to identify the correct size and medium is correct fit for me,k h.,5,2021-02-21T17:52:00Z,anonymous_user,[],146012
232451425,thanks,satisfied,Dr. R.,5,2021-02-18T12:43:06Z,anonymous_user,[],146012
231881039,Completely perfect,Nice frame and perfect lenses,Kapil S.,5,2021-02-15T08:12:59Z,verified_reviewer,[],146012
229700312,got for free,crystal clear lenses perfect fit accurate dioptre simply love it,Aniket ,5,2021-02-01T09:09:42Z,anonymous_user,[],146012
229515835,good product,product is comfortable,tharun ,4,2021-01-30T11:51:09Z,verified_reviewer,[],146012
229496373,Nice frame sturdy,Looks good on face can recommend,Sidharth,5,2021-01-30T06:50:52Z,verified_buyer,[],146012
552757454,nice and lightweight,love this product,Raj,5,2024-03-04T11:40:10Z,anonymous_user,[],216521
552567835,good product,nice fitting good quality lenses,kartik J.,5,2024-03-03T09:39:39Z,anonymous_user,[],216521
552373411,very nice,very very good,parth g.,5,2024-03-02T15:27:54Z,anonymous_user,[],216521
552343654,nice product,"very light, comfortable and stylish look",Aman K.,5,2024-03-02T09:34:33Z,anonymous_user,[],216521
549914752,worth every rupee,"material is light weight.
This glasses don't give that annoying nose pain",kalash ,5,2024-02-26T14:55:17Z,anonymous_user,[],216521
549626450,Green hustler,"good in quality but I ordered military green and it came but with blue case and microfiber cloth ,I must get Green case",pooja k.,4,2024-02-25T06:20:38Z,anonymous_user,[],216521
549599230,Best eyeglasses,Light weight and perfectly fits,Aum D.,5,2024-02-24T23:17:29Z,anonymous_user,[],216521
549221479,very very good best quality best comfortable,it's my 8th lenskart glasses I never disappoint always,abdurrahman ,5,2024-02-23T12:22:02Z,anonymous_user,[],216521
549188877,amazing üòç,"the product is amazing and the fitting also great. And it's very lite weight, I love this.",Subhrajit C.,4,2024-02-23T07:17:45Z,anonymous_user,[],216521
548907648,nice product,looks good,tanvi G.,5,2024-02-22T10:18:27Z,anonymous_user,[],216521
548332726,feedback,amazing.... fits perfectly ... lens quality superb,Devasish ,5,2024-02-21T07:16:00Z,anonymous_user,[],216521
547850458,Excellent Glasses,"Comfort, light weight, Stylish.",Daniel K.,5,2024-02-20T12:09:53Z,anonymous_user,[],216521
547809964,Loved it,"It is light, stylish and fits well plus can also be adjusted according to face.",Maheshwar G.,5,2024-02-20T08:49:37Z,anonymous_user,[],216521
547379253,review,very comfortable üòç,Fayyaz A.,5,2024-02-18T17:28:23Z,anonymous_user,[],216521
543642686,"Great Colour, Comfortable ‚ù§Ô∏è",Very beautiful Frame. Comfortable glasses ü§ìüëç,DIGNITY L.,5,2024-02-12T07:17:31Z,anonymous_user,[],216521
543616421,Brilliant üòä,"what an amazing product launched by Lenskart.
till date I have purchased more than 15 frames from Lenskart. Fully satisfied with their services.",Rajiv K.,5,2024-02-12T02:47:34Z,anonymous_user,[],216521
543257092,huslter frames review,the product is good and very light weight but the fitting was not good at all.and I don't kbow why they sended a very bad finishing screw frames please reslove this prblm and solve this issue,PRATEEK S.,3,2024-02-09T16:19:34Z,anonymous_user,[],216521
541939188,About night vision,Is this night vision glasses comes white colour or yellow colour to this frame,ramakishor,5,2024-02-06T06:39:17Z,anonymous_user,[],216521
541102385,Best hustler,I have no word my experience so good by lenskart I love lenskart i was not expected because service is best another online service i buy hustler eyeglasses üëì very good product I love it ü•∞ Nice üëåüèº work. Lenskart nice üòä,Abhishek Y.,5,2024-02-01T07:31:20Z,anonymous_user,[],216521
537930952,Quality,Good quality nice fitting,Abhishek Y.,4,2024-01-18T17:15:55Z,anonymous_user,[],216521
537569865,Hustlr Indeed,nice value for money looks trendy,Purnendu M.,4,2024-01-17T15:48:09Z,anonymous_user,[],216521
537514788,Very light & good,"Weightless, Stylish. 10/10",Mishrith S.,5,2024-01-17T08:11:13Z,anonymous_user,[],216521
537312063,Best choice,"The ""Hustlr"" exceeded my expectations with its outstanding design, premium materials, and perfect fit. It effortlessly elevates my style and provides unmatched comfort. A top-notch choice for any occasion.",pratik m.,5,2024-01-16T05:41:02Z,anonymous_user,[],216521
537003740,fantastic design,üëåüëå,neetu ,5,2024-01-14T08:35:53Z,anonymous_user,[],216521
536739668,awesome,good quality üëå,suresh,5,2024-01-12T14:30:11Z,anonymous_user,[],216521
536549969,sun glass collection,super collection and nice glass,keerthan ,4,2024-01-11T16:11:32Z,anonymous_user,[],216521
536185947,hustlrüòéüî• be more do more,feels good when i unboxed this cool glasses ü§ì i got zipper case and its looks stylish comfort its matches to everybody one of the best collection from lenskart is hustlrü§ìüî•,udaykiran C.,5,2024-01-09T19:44:44Z,anonymous_user,[],216521
534932503,Nice design & light weight,Superb design and very much lighter doesn't feel like wearing a spect.. looks awesome.,Naveen K.,4,2024-01-04T17:26:03Z,anonymous_user,[],216521
534322130,Fully satisfied and very happy,"I was little worried abou the size and the color whether it will be perfect for me or not. When I received the product I felt it just designed and crafted for me only. Top notch design and build quality, super packaging and hats off to the fitting. I purchased this for my weeding so Thank you Lenskart for the perfect fit lens ‚ù§Ô∏è",Prosenjit D.,5,2024-01-02T07:16:32Z,anonymous_user,[],216521
532908928,Great Collection of colour & models,"Fully satisfied with the model, colour, style and aftersale service, Lenskart a unique definition üëç",Arghya R.,5,2023-12-25T15:36:05Z,anonymous_user,[],216521
532871746,Ayan,What a amazing app and your product is a amazing I love this product üòç,Gulam ,5,2023-12-25T07:54:07Z,anonymous_user,[],216521
532775852,very good no.1 product,What a a amazing app and your product is a amazing I love your is product üòç,Gulam S.,5,2023-12-24T12:53:13Z,anonymous_user,[],216521
532482209,Everyday wear,my everyday eye wear now. looks like my other regular frames. its light n feels good on quality,Mohtasim S.,5,2023-12-22T13:25:25Z,anonymous_user,[],216521
532461416,Just fabulous,Fastest delivery I ever get from lenskart,Ashok S.,5,2023-12-22T10:48:22Z,anonymous_user,[],216521
532218802,Satisfied with the purchase.,The frame is good quality. The frames texture is smooth and low maintainance.,Sayli C.,5,2023-12-21T14:52:12Z,anonymous_user,[],216521
529532550,Best,worth of money,md k.,5,2023-12-10T21:07:23Z,anonymous_user,[],216521
527377103,good,good,aman,3,2023-12-02T05:35:34Z,anonymous_user,[],216521
527195834,Great buy!,I received my eye glass today and I was so happy with my purchased. The frame looks amazing it's a great buy for its price I think I found my perfect size and I love it so much. thank you üòä,Nil ,5,2023-12-01T10:17:51Z,anonymous_user,[],216521
525617365,Frame & Lenses,Good,manjunath b.,5,2023-11-25T12:23:02Z,anonymous_user,[],216521
525487906,good service !,Nice spec uptill now,Vikas M.,4,2023-11-24T10:56:35Z,anonymous_user,[],216521
525118347,Frame & Lenses,"product quality is consistently outstanding, exceeding my expectations and completely impressed with their professionalism and customer service.",Ripan D.,5,2023-11-22T08:43:12Z,anonymous_user,[],216521
524505974,Aa,Amazing,Anamika B.,5,2023-11-20T14:31:52Z,anonymous_user,[],216521
523211737,frame,good,ankannagari g.,5,2023-11-14T05:15:06Z,anonymous_user,[],216521
521967818,good,good purchase,mayank m.,4,2023-11-07T19:10:15Z,anonymous_user,[],216521
519938348,Frame,the best frame that I love,Rajib R.,5,2023-11-02T10:43:11Z,anonymous_user,[],216521
516841762,good,nic,Daya a.,5,2023-10-26T07:23:39Z,anonymous_user,[],216521
515335009,comfort,the comfort of this spec is superb. lenskart services is very nice.,AJAY V.,5,2023-10-23T15:18:04Z,anonymous_user,[],216521
514764344,Great purchase..,Frame looks awesome and very comfortable to wear.. 5 star for its looks...,Jay P.,4,2023-10-22T10:27:57Z,anonymous_user,[],216521
514487133,good,is their any way to clean the yellowishness from the frame?,naruto,4,2023-10-20T10:54:41Z,anonymous_user,[],216521
513501555,Amazing,It is amazing,sdfdff,3,2023-10-17T18:53:55Z,anonymous_user,[],216521
513501524,Amazing,It is amazing,sdfdff,3,2023-10-17T18:53:40Z,anonymous_user,[],216521
513501526,Amazing,It is amazing,sdfdff,3,2023-10-17T18:53:40Z,anonymous_user,[],216521
512452412,Good,Quality is not to upto mark,Srinivarao ,3,2023-10-15T06:33:16Z,anonymous_user,[],216521
512366666,Got it for free! unbelievable,My old hustlr got fade in 9 month I asked from lenskart to replace it and no questions were asked. Thanks lenskart,Ankita s.,5,2023-10-14T07:35:34Z,anonymous_user,[],216521
508419386,Genuine Review,lenskart service is super. but this frame material quality is not as good as you think. color got faded within a month and all the dirt around glass edges. no way to clean it. replaced it one time and same issue,Ajay B.,3,2023-10-07T14:44:24Z,anonymous_user,[],216521
507166873,amazing product and service,"I bought this product on Jan 2023 and the faded and it was yellowish after 9 months in October so I claimed warrenty and lenskart changed it without any questions, thank you lenskart)",harsh j.,5,2023-10-03T14:51:35Z,anonymous_user,[],216521
505986670,Very Comfortable,Very Comfortable and light weight product,Akhilesh D.,5,2023-09-29T07:45:12Z,anonymous_user,[],216521
505647978,It's Perfect,"but buy according to your size, it's of Medium size",Ritika ,5,2023-09-28T09:21:03Z,anonymous_user,[],216521
505370562,Finishing not good,Finishing of the product was not good so I have given for exchange,Forum u.,3,2023-09-27T17:04:05Z,anonymous_user,[],216521
505076762,Love,"Good quality, very good product",Hriday S.,5,2023-09-26T17:23:18Z,anonymous_user,[],216521
504730122,Very Comfortable but it's not red it's pike (baby pink) ü©∑,"Amazing fitting and easy too handle because of light weight and also quality is very impressive. I buy two colours Dark blue and Red
Note : Red is not actual red it's Pink ü©∑ (Baby Pink)",Akhilesh D.,4,2023-09-25T17:56:12Z,anonymous_user,[],216521
504134358,premium look and comfortable,product qualities very good and lens quality also. premium look and comfortable.,Atiksh ,5,2023-09-23T12:16:55Z,anonymous_user,[],216521
503869241,Great glasses,"Light weight, and comfortable glasses",UTKAL B.,5,2023-09-22T10:50:28Z,anonymous_user,[],216521
502393695,looks georgious,"pro-stylish,beautiful,good build quality,thin blue cut lens,just for 1500 with free eye checkup
con-nose pain initially because there is no nose padding",Deba ,5,2023-09-20T15:04:44Z,anonymous_user,[],216521
501365632,cool cool,cool,babul m.,5,2023-09-17T00:22:06Z,anonymous_user,[],216521
500828652,amazing üòç,one of the best mat fram,Ruksar P.,5,2023-09-14T10:53:20Z,anonymous_user,[],216521
499238967,frame size big uncomfortable,frame size not available in size by size only one size in frame overheating,Vikash Y.,3,2023-09-09T20:02:35Z,verified_reviewer,[],216521
499219101,osm quality product,osm quality product by lenskart I found this frame in Shark tank by peyush bansal sir I also buy 2 farme from lenskart,Aamir K.,5,2023-09-09T16:19:59Z,verified_reviewer,[],216521
498964548,satisfaction,no words,Gopi c.,5,2023-09-08T09:14:10Z,verified_reviewer,[],216521
498133591,good experiance,Good product,Mohit K.,4,2023-09-05T12:34:10Z,anonymous_user,[],216521
497865986,Really Comfortable and Looks Great üëç,Great Texture and materials it also ferls really good on the skin The lens power was perfect,Sean M.,5,2023-09-04T09:38:52Z,anonymous_user,[],216521
497097455,glass,perfect fit.. love the color. delivered on time.,Nishant ,5,2023-08-30T14:51:42Z,verified_reviewer,[],216521
497044823,Product is very good But,How to clean its frame? its color is faded and looking so dirty. I'm disappointed for this reason. Let me know about it.,Harsh,3,2023-08-30T04:22:42Z,verified_reviewer,[],216521
496875017,frame Size availability,is it possible to narrow size?,PATEL B.,4,2023-08-29T02:15:31Z,verified_reviewer,[],216521
496696307,nice fit,"awesome product, light weight",sankar ,5,2023-08-28T08:32:37Z,anonymous_user,[],216521
496690336,very nice,very nice product and very attractive and most of people ask me your frame is very nice and i like mate finished and where from you buy and I am say lenscart,sushant S.,5,2023-08-28T06:41:57Z,verified_reviewer,[],216521
496080202,Nice product and finishing,this product has very nice finishing and the lenses seem to be of great quality,Rishabh J.,5,2023-08-24T02:02:08Z,verified_reviewer,[],216521
495439984,Light-weight and classy,very comfortable to wear,Rritwika R.,5,2023-08-22T06:51:16Z,verified_reviewer,[],216521
495190733,"Good frame but lens fitting lacks perfection, looks like made in hurry","Good frame but fit and finish of lens fitting was not good, edges of lens didnt had smooth cutting",Shahid S.,4,2023-08-21T06:59:18Z,anonymous_user,[],216521
494865947,looks good. but it is very fragile.,quality is not good for the price being charged,Abhishek K.,3,2023-08-20T03:28:09Z,verified_reviewer,[],216521
494813551,Good Eyeware,It gets good comfortable and premium looks,Souvik M.,5,2023-08-19T15:22:18Z,verified_reviewer,[],216521
494271552,ok,"The frame is good and flexible, lenses are bad in terms of quality like no dust n water repellent as mentioned while purchasing and getting scratched easily, can be improved",Santhosh k.,3,2023-08-17T13:25:44Z,anonymous_user,[],216521
493335337,Awesome,"Great product,the frame is so light and comfortable but the colour is more dark than the photo",Asraful K.,4,2023-08-15T08:06:12Z,verified_reviewer,[],216521
493018633,Great frames horrible glasses!,The frames are really smart and trendy but the lenses are really bad gets scratchy and dirty really quick,vrinda s.,3,2023-08-14T00:43:37Z,anonymous_user,[],216521
492809829,Superb,Its both comfortable and has an appealing design component,Rudrajit d.,5,2023-08-12T20:11:04Z,anonymous_user,[],216521
492607833,Best overall,I got it today and i must say just go for it best product so comfortable wearing so premium quality,Shoaib A.,5,2023-08-12T06:34:05Z,verified_reviewer,[],216521
492502604,Great Product,"Perfect fit and Quality ARC lens with accurate power, Light weight frame with matte transparent finish at affordable price is excellent",Somdip D.,5,2023-08-11T17:07:28Z,verified_reviewer,[],216521
492373749,Service,"The Salesman at the J.M Road, Pune Store was absolutely humble and provided a distinct sale info and service.Happy with the product and overall process.",Sayali S.,5,2023-08-11T04:38:47Z,anonymous_user,[],216521
491467969,Good Product,Amazing Service üëè,Suvayan P.,5,2023-08-09T09:43:11Z,anonymous_user,[],216521
488639544,Simply awesome,"Looks cool and trendy and the outer case is of excellent quality too, would surely recommend",Prajwal ,5,2023-08-05T15:07:31Z,verified_reviewer,[],216521
487945732,"Not exact color, catching dust so easily","The color they call is brown but it‚Äôs actually pink (slightly different than as in the images). The edges catching the dust so easily and it‚Äôs difficult to clean as the frame is silicon material, the frame has white tint on one side of it due to fall or hit.",Mohan K.,3,2023-08-03T03:43:36Z,anonymous_user,[],216521
487663277,Frame is amazing,Frame is superb but the lens is not good as described in lens package,Anant K.,3,2023-08-02T06:23:11Z,verified_reviewer,[],216521
487057887,Good,Light weight and sturdy,Prashanth r.,5,2023-07-30T10:18:08Z,anonymous_user,[],216521
486931908,very nice frame and very nice colour comfortable to wear,smart frame and nice colour and light weight I like it the frame,Arnab D.,5,2023-07-29T09:59:03Z,anonymous_user,[],216521
486763478,It was a comfortable,Nice product,IBC u.,4,2023-07-28T13:05:54Z,anonymous_user,[],216521
486209469,Great !! Go for it,"Lenskart Hustlr is a must purchase if You are looking for a good Frame, it also boosts our confidence because of its Unique and Great Matte finish and all other specifications I got the powered one, they are really Great, I love them",Gopal ,5,2023-07-26T12:38:27Z,anonymous_user,[],216521
485778953,awesome...,so light and classy glass with my customized power I love it,vaishaly ,5,2023-07-25T13:24:29Z,anonymous_user,[],216521
485647191,nice,good,Amol g.,5,2023-07-24T20:33:01Z,verified_reviewer,[],216521
484823498,Review,"The farmers were a bit scratched up top and are u sure this is blue cut , I feel no diff compared to my antiglare lenses",Urbasi L.,3,2023-07-21T16:07:24Z,anonymous_user,[],216521
483620789,Stop coating blue light filter on both sides!,"Frame quality is good, purchased with blu premium lens, the blue light filter is applied on both the sides of the lens, issue is that blue light from rear is filtered from going outside and directed towards eyes, eyes feel strained after day to day use, solution is that blue light from behind us should be allowed to pass through the spectacles",Siddharth S.,4,2023-07-17T09:14:11Z,anonymous_user,[],216521
483518906,Awesome,Very comfortable on the face,Zeeshan k.,4,2023-07-16T15:25:57Z,anonymous_user,[],216521
483199053,üëç,good product but over priced a little bit,akhil ,5,2023-07-14T15:46:08Z,verified_reviewer,[],216521
483112188,Best frame,"It looks stylish and lightweight,also thanks for providing the perfect power for my requirements",Angel ,5,2023-07-14T09:32:39Z,anonymous_user,[],216521
482965325,Beautiful,Very good,PrashanthChotu,5,2023-07-13T15:24:13Z,anonymous_user,[],216521
482587604,comfort,worth money,Md A.,4,2023-07-11T16:00:36Z,anonymous_user,[],216521
482569490,nice ferm bedt frem is good and very good,"nice frem best frem is good and very good frem 
where all the time nice
best and best frem 
and i like the frem",Arnab D.,5,2023-07-11T15:14:57Z,anonymous_user,[],216521
482019085,Best frame out there,This frame is very light weight and looks good. Lens are also of premium quality. Overall perfect for this price.,Mohit N.,5,2023-07-08T08:48:57Z,verified_reviewer,[],216521
480957323,beautiful,very good,MD T.,5,2023-07-03T06:01:07Z,anonymous_user,[],216521
480556135,Powered lens,"before that I feel pain in my eyes, as I am in IT department, and we have to work whole day and night on Computer screen, now there is no more itching or blurring of fonts which I previously face so I am thankful for our own country product to deliver relief among citizens of nation, I salute manufacturer unit for providing me exact power required by me and the eyeglasses are scrachless",Mohammad l.,5,2023-06-30T13:21:26Z,anonymous_user,[],216521
480323364,Color & Spring Hinges Issue,"This one doesnt has spring hinges and it works like normal specs Also, it has more of a matt shade from the front and not like light color and shiny as shown in picture",ANKIT B.,3,2023-06-28T23:28:19Z,anonymous_user,[],216521
479749704,Superb Cool,"great material, easy fit, fancy looking",Tamoghno b.,5,2023-06-26T15:53:02Z,anonymous_user,[],216521
479731729,Nice Product,"I have first ordered Black colour frame but that what looking to cheap and having some minor scratches on the frame, Now i have order the blue one its gorgeous I Love It, three star because of this experience",Yash B.,3,2023-06-26T14:19:18Z,verified_reviewer,[],216521
479458792,good like KFC,The glasses were so comfortable and cool,ogety n.,5,2023-06-24T10:10:09Z,verified_reviewer,[],216521
478922569,fabulous and amazing,"I spectacles from Lenskart, and I'm extremely satisfied. The frames look great on me, and the materials are high quality. They're stylish, comfortable, and receive compliments. The frames are sturdy yet lightweight, and the lenses provide excellent clarity. Lenskart offers various lens options and has excellent customer service. I highly recommend Lenskart for quality spectacles that enhance vision and style.",Hardik R.,5,2023-06-22T17:42:42Z,verified_reviewer,[],216521
477842788,nice and good lenskart product.,The glass is too good and its so comfortable to wear but earlier there was much eye strain when I started using hustler its much more comfortable,Chandan P.,5,2023-06-19T15:07:54Z,anonymous_user,[],216521
476856894,hustler,very good specs but it was loose but I love it,HARSHIL ,5,2023-06-15T17:59:36Z,anonymous_user,[],216521
476014116,Hustlr Overrated.,"Firstly the Most positive point is lenskarts service is excellent but if I talked about the frame, Its truly overrated I bought a black hustlr powered it looks and feel like a 150 rupees frame not worth the money",subhankar b.,3,2023-06-13T10:21:19Z,verified_reviewer,[],216521
476001034,so good,It is so good and comfortable and beautiful also,Krishna V.,5,2023-06-13T08:25:40Z,anonymous_user,[],216521
474805301,Sand Dune and Amber are really awesome,Try them for once you will not regret,Manjeet T.,5,2023-06-08T09:28:49Z,anonymous_user,[],216521
472573708,hustlr,very good,Bishal s.,4,2023-05-30T04:58:22Z,verified_reviewer,[],216521
472050432,Excellent specs,vey light and comfortable easy to wear doesnt hurt at all loved it,Doli S.,5,2023-05-27T11:52:00Z,verified_reviewer,[],216521
471569380,Hustlr,Excellent,Amit C.,5,2023-05-24T19:44:24Z,verified_reviewer,[],216521
471552482,Very Excellent Eyewear,"I found them very elegant and excellent, they also looks very aesthetic and unique in face, overall I had an awesome experience buying this, totally worth it",Sobhan B.,5,2023-05-24T16:35:20Z,anonymous_user,[],216521
471544025,So comfortable,"Very light weight, stylish, so comfortable",Swaranan B.,5,2023-05-24T15:30:52Z,verified_reviewer,[],216521
471250299,Razak,Osm ‚ù£Ô∏è Flexibility and light weight looking good,Razak S.,5,2023-05-23T15:11:45Z,anonymous_user,[],216521
470790202,beautiful ‚ù§Ô∏è‚ù§Ô∏è,Beautiful go with it,DR,5,2023-05-21T08:52:59Z,anonymous_user,[],216521
470790155,aesthetic,Colour ‚ù§Ô∏èvery light weight flexible,DR ,5,2023-05-21T08:51:59Z,verified_reviewer,[],216521
470650366,good,Very good quality,Umesh N.,4,2023-05-20T07:57:10Z,anonymous_user,[],216521
470485900,Amazing Product,Loved the design,Satyam D.,5,2023-05-19T10:00:14Z,anonymous_user,[],216521
470480697,Amazing Product,This product's design is very good,Satyam D.,5,2023-05-19T08:46:16Z,anonymous_user,[],216521
469213960,ausome,"belive me and buy it you will be happy with it ,",pravin T.,5,2023-05-13T17:53:26Z,anonymous_user,[],216521
468775665,awesome product,good product and good quality and also good experience with lenskart,Asagarali A.,5,2023-05-11T13:43:24Z,anonymous_user,[],216521
468775331,good experience,awesome product and also good service,Asagarali A.,5,2023-05-11T13:40:31Z,anonymous_user,[],216521
467800411,Eye glasses,Excellent,Sanjanapiyal S.,5,2023-05-08T10:10:51Z,anonymous_user,[],216521
467800350,Eye glasses,Good look,Sanjanapiyal S.,4,2023-05-08T10:10:24Z,anonymous_user,[],216521
467770994,Good,Good,Ayush D.,5,2023-05-08T05:16:01Z,anonymous_user,[],216521
467708240,lenskart air,good,Ansh S.,5,2023-05-07T18:22:19Z,verified_reviewer,[],216521
467638885,the best,very good quality,Manoja,5,2023-05-07T02:58:13Z,anonymous_user,[],216521
467638878,the best,very good quality,Manoja,5,2023-05-07T02:58:12Z,anonymous_user,[],216521
467547455,The reason hustler is trending now a days,"All Colors - Pastel Variant ( Light shades ), Price - Budget Friendly, Weight - Lightweight,",Karan s.,5,2023-05-06T07:00:00Z,anonymous_user,[],216521
465624423,LENS AND FRAME,Just awesome and perfect adjustment,AKHILENDU K.,5,2023-04-29T16:07:04Z,verified_reviewer,[],216521
465593557,Review,Nice work,Shubham G.,5,2023-04-29T10:30:44Z,anonymous_user,[],216521
465545925,light weight,"It goes well with jeans and western outfits , trendy and fashionable",Debasree D.,5,2023-04-29T02:18:43Z,verified_reviewer,[],216521
463920411,Lens and frame,Very good product,Prem S.,5,2023-04-25T06:50:04Z,anonymous_user,[],216521
463830466,Yellow one,it looks very gentle and sober very elegant touch Im in love with hustlr glasses bought the icy blue and yellow one,Maria D.,5,2023-04-24T15:45:41Z,anonymous_user,[],216521
463830327,Sky blue,Its so elegant looks fantastic and very sober i love this icy blue glass,Maria D.,5,2023-04-24T15:44:31Z,anonymous_user,[],216521
463189436,comfortable,good product....,Karan S.,5,2023-04-21T08:49:13Z,anonymous_user,[],216521
462045489,Comfortable,The glasses are comfy and stylish,Gaurav,4,2023-04-18T10:24:16Z,anonymous_user,[],216521
462044931,Comfy,The frame is lightweight and comfy,Sharon n.,4,2023-04-18T10:21:24Z,verified_reviewer,[],216521
460531771,Your frame body after using 1 month colour change in yellow,Not gud,sagar G.,3,2023-04-13T05:31:20Z,anonymous_user,[],216521
459164818,bad quality,when our face gets sweat or oil then it will stick to the frame and it will visible like a colour faded frame to others and its not good,maddi J.,3,2023-04-07T12:57:41Z,anonymous_user,[],216521
458509293,a,good eyegls,an,3,2023-04-05T08:47:48Z,anonymous_user,[],216521
458018281,C,nice glasses,Ana,4,2023-04-04T08:50:18Z,anonymous_user,[],216521
457578909,Lenskart,product is good,test t.,4,2023-04-03T12:17:45Z,anonymous_user,[],216521
457550154,R,Good eyeglasses,Neha,4,2023-04-03T12:01:02Z,anonymous_user,[],216521
457389204,Value For Money,Very light weight and most comfortable to wear. You can blindly go for this product because it‚Äôs quality and compatibility. In short excellent product by Lenskart.,Dhruvinsinh V.,5,2023-04-03T08:08:09Z,anonymous_user,[],216521
456884700,One issue related with the lens.,"No finishing at edges of the lens , The edges of lens are not cleaned properly after cutting , before fixing the lens into frame its eges should be cleaned properly, rest All are ok, frame is good, anti fog is working properly, dust repellent is also almost working",Abhinand v.,3,2023-03-31T13:52:15Z,verified_reviewer,[],216521
456505906,Nice specs but bad finish,"I received a black one. Realized that the finish when fitting the lenses were poor. There were scratches on the black frame that were visible from front. Also, the right lens had a small mark which was really a scratch on lens. Have exchanged it for the same product. However the other pair which i got in blue is perfect and awesome. 3 star only because of bad experience with the black specs which I hope will be exchanged with another black one soon!",Nikhil,3,2023-03-30T10:31:58Z,verified_reviewer,[],216521
455565855,the lightest in weight frame I have ever worn,the Hustler is the lightest in weight frame I have ever worn so that Peyush Bansal for launching this range for the youngsters,vinay T.,5,2023-03-26T10:08:56Z,anonymous_user,[],216521
455476527,Awesome and Premium Look,Very good quality and good finishing look,Saurabh S.,5,2023-03-25T14:14:04Z,anonymous_user,[],216521
455437835,Amber full film hustlr,Nice,VR S.,3,2023-03-25T08:15:08Z,anonymous_user,[],216521
455109085,Lightweight and stylish,Nice product and light weight. Matte finish gives nice feel. Also looks great. You may feel smaller size issue so better try on lenskart store then order,Shahbaazkhan P.,5,2023-03-24T10:58:15Z,verified_reviewer,[],216521
454689664,Quality products,Very nice üëç,Sharma s.,5,2023-03-22T13:15:42Z,anonymous_user,[],216521
454689404,Lenskart,Very good nice üëç,Sharma,5,2023-03-22T13:14:26Z,anonymous_user,[],216521
454465487,Good quality and looks,not to shiny as shown which is a good thing good to buy,Himanshu ,5,2023-03-21T14:14:09Z,verified_reviewer,[],216521
453813123,awesome colour and quality,"I was order in 4 colors amber, sanddune, skyblue, midnight blue all colour are very awesome and feels so good and very fast delivery thank you lenskart",kunal v.,5,2023-03-19T05:37:57Z,anonymous_user,[],216521
453769398,osm product.love it,light weight give classy look,aman y.,5,2023-03-18T18:16:05Z,anonymous_user,[],216521
453748365,perfect fit,"fits perfectly to my face and very light weight, it feels like m wearing nothing",Khawar ,5,2023-03-18T14:42:43Z,anonymous_user,[],216521
453708343,Not very premium but good,looks exactly how it is shown but lens quality is not good as frame,jayant K.,4,2023-03-18T07:20:35Z,verified_reviewer,[],216521
453656716,The Best,"Good looking,comfortable, light weight, awesome stuff",Monkey L.,5,2023-03-17T19:24:47Z,verified_reviewer,[],216521
453259934,Loved it,Good and Aesthetic frame,Abhishek M.,5,2023-03-17T07:34:34Z,anonymous_user,[],216521
452734598,good product,good product,aman ,4,2023-03-15T18:54:29Z,anonymous_user,[],216521
452710162,Product quality,This product is awesome üëç,Shani t.,5,2023-03-15T17:38:28Z,anonymous_user,[],216521
452622688,wonderful,excellent colour and light weight material keep it up your innovation always,Venkatesh A.,5,2023-03-15T12:19:39Z,verified_reviewer,[],216521
451948150,attractive spects,looks cool and Also comfortable to wear,Tushar S.,5,2023-03-12T18:27:26Z,anonymous_user,[],216521
451883513,tru Hustle ü§©,It‚Äôs trendy and üòé cool. People keep asking about my glasses üëì Thank you Lenskart,Kiran R.,5,2023-03-12T04:44:08Z,anonymous_user,[],216521
451850496,Incredible!,"The overall outlook is way too gorgeous with a matte finish alongside the appearance of it taking the style quotient to another height, thanks for such an awesome series of glasses",Nilotpal C.,5,2023-03-11T19:21:52Z,verified_reviewer,[],216521
451438614,excellent,very good,rohit a.,5,2023-03-09T18:43:56Z,anonymous_user,[],216521
451195983,Awesome,"Its an awesome product,Just go for it",Shubham,5,2023-03-08T06:54:42Z,verified_reviewer,[],216521
451066366,Loved it.,Had ordered this with fully loaded lenses The lens fitting of lenskart is flawless and unparalleled The frame is beautiful and light,Idrees R.,5,2023-03-07T13:55:16Z,verified_reviewer,[],216521
450736476,Very good,10,Ashwin a.,5,2023-03-06T02:07:03Z,anonymous_user,[],216521
450684577,nice frame,good,Sreya M.,4,2023-03-05T14:28:51Z,anonymous_user,[],216521
450637915,Good Service and Excellent quality of lens,Nikhil had helped me make my choices of frames and guided me well. He was very proactive in showing the options and explained me in details on the eyeglasses. Even for the lenskart process of order and delivery are remakable and systematic.,Roopali K.,5,2023-03-05T01:46:50Z,anonymous_user,[],216521
449633346,Light and Aesthetic,"Feels like we are wearing nothing and it looks modern and aesthetic too, it is totally worth the money",Garvit G.,5,2023-03-02T11:28:17Z,verified_reviewer,[],216521
449362268,overrated,"overrated, just a normal frame",Srivatsa K.,3,2023-03-01T14:31:25Z,anonymous_user,[],216521
449350277,excellent quality,took after watching shark tank,Vishal,5,2023-03-01T13:35:01Z,anonymous_user,[],216521
448473648,Nice,I liked the colors and after look,Damini K.,5,2023-02-28T07:17:23Z,verified_reviewer,[],216521
448203467,Most comfortable,one of the best comfortable pairs which I have used ever,Pranay D.,4,2023-02-27T13:21:46Z,verified_reviewer,[],216521
448192392,Nice looking,osm product,bittu r.,5,2023-02-27T11:44:01Z,verified_reviewer,[],216521
448000772,excellent frame,quality was top notch totally worth for money go for it,kiran K.,5,2023-02-25T15:25:06Z,verified_reviewer,[],216521
447934146,not very much worthy,I think will get many offers after buying it but nothing I got for free,Shivam G.,3,2023-02-25T02:41:25Z,verified_reviewer,[],216521
447617003,Awesome Frame,"i bought this frame because I watched Peyush Bansal wearing this on Shark Tank, I have literally started getting female attention after wearing these frames Lol, thank you Lenskart",Shekhar S.,5,2023-02-24T14:06:36Z,verified_reviewer,[],216521
447607038,good,good,Mohammad R.,5,2023-02-24T13:28:11Z,verified_reviewer,[],216521
447511318,Single Vision Specs,Nice profile and good fit,Debojyoti P.,4,2023-02-24T08:03:16Z,anonymous_user,[],216521
446975924,spectacles,really good product and very kind support staff,Shubham S.,5,2023-02-22T11:55:45Z,anonymous_user,[],216521
446713709,Colour Amazing,Amazing Eyeglasses,Ashwani K.,5,2023-02-21T21:17:43Z,anonymous_user,[],216521
445807167,FAIR PRICE,comfortable to wear and also light weight,Pratham M.,4,2023-02-21T08:59:51Z,anonymous_user,[],216521
445791141,Awesome Product,"The look, Feel, Design, and Quality of the product are Awesome Best place to buy your spectacles Thank you so much Piyus Bansal and Team",Bashir N.,5,2023-02-21T06:49:18Z,verified_reviewer,[],216521
445681669,Nice,Good,Naveen N.,5,2023-02-20T18:15:31Z,anonymous_user,[],216521
445650960,very good,liked it very much,surya ,5,2023-02-20T15:28:34Z,verified_reviewer,[],216521
445640843,Hustler,Very good product and I love it,Serampore S.,5,2023-02-20T15:09:27Z,anonymous_user,[],216521
445459601,product is good little bit lens was out of frame,with 3000 rs powered specs they just provide the lens and frame no lens cleaner or extra piece of cleaning clothes,anju,3,2023-02-20T12:18:14Z,anonymous_user,[],216521
445338721,quality,love that,Yuvraj D.,5,2023-02-20T07:08:08Z,anonymous_user,[],216521
445281563,Too good,better quality,DHRUV G.,5,2023-02-19T17:22:47Z,anonymous_user,[],216521
445258395,Good Product,"Beautiful finish, loved this product, Thanks Lenskart",Abhay ,5,2023-02-19T13:13:36Z,verified_reviewer,[],216521
445243087,Best product of yours...its suits me well,Design and quality of the product is best also look and feel of the product is very appreciable,Dhruv G.,5,2023-02-19T09:59:48Z,verified_reviewer,[],216521
445238610,nice product,nice product,himanshu ,5,2023-02-19T08:42:28Z,anonymous_user,[],216521
445226962,Hustlr for hustlers,"Great product with light weight This frame is for every face type, it looks awesome, Its so awesome that I bought 3 colors",Abhisinchan D.,5,2023-02-19T06:29:26Z,verified_reviewer,[],216521
445215586,just love it,I usually take more time to decide but heres its not the case They just look awesome for anyone,Rahul r.,5,2023-02-19T04:23:51Z,verified_reviewer,[],216521
444693884,very comfortable and light weight,"for a second you will feel like you are not wearing a eyeglasses, very comfortable frame",jainish s.,5,2023-02-17T19:22:18Z,verified_reviewer,[],216521
444615661,lenses,lenses are not upto the mark during driving a vehicle it refracts much light,shubham ,3,2023-02-17T13:35:21Z,verified_reviewer,[],216521
444369107,AWESOME,"really awesome, light weight, comfortable product",Mr S.,5,2023-02-17T10:08:31Z,verified_reviewer,[],216521
444289858,Enhances my look!,I have a heavy face and not a lot of glasses suit me. This is the best pair of glasses I have ever got. All the colors are awesome!,Rishabh D.,5,2023-02-17T06:38:00Z,anonymous_user,[],216521
443897438,Great choice,the specs were so great and light weight but these are so loose and slippery while wearing nose pads can be better to keep it on The best choice for light weight and simple,Rohith M.,4,2023-02-16T18:23:00Z,verified_reviewer,[],216521
443368913,Good,"The frame is light weight, and this frame is for all types of face, and I am very satisfied about lenskart customer care and services",Soumya H.,5,2023-02-16T11:00:54Z,verified_reviewer,[],216521
443247100,Fabulous frame & Service,HTO service is very fabulous and refractionist is very well trained and SME he has all type of frames available for selection overall good experience with lenskart,Anish B.,5,2023-02-15T20:08:47Z,verified_reviewer,[],216521
442900404,Awesome,Nice Glass with nice colours and great style,Rishi R.,5,2023-02-15T07:38:39Z,anonymous_user,[],216521
442286806,nice,I like the product,divyesh s.,5,2023-02-14T18:04:00Z,verified_reviewer,[],216521
442278386,good product,it will be better if you provide free lens cleaner,sudhan ,5,2023-02-14T17:10:16Z,verified_reviewer,[],216521
442241680,its a gift,just awesome the clarity is just next level just recommend it to every one and style is out of words many people given me compliment about the specs,akash d.,5,2023-02-14T14:24:41Z,anonymous_user,[],216521
442161058,mind-blowing,amazing,Yash B.,5,2023-02-14T10:11:03Z,anonymous_user,[],216521
442088296,just buy it,bole tho ek number,akash d.,5,2023-02-14T06:54:00Z,anonymous_user,[],216521
441767703,extremely good,extremely good product,Aakriti R.,5,2023-02-13T18:39:16Z,anonymous_user,[],216521
441604131,amazing,"very light weight and comfortable,very well made,vast better than local stores",Yash B.,5,2023-02-13T06:56:41Z,anonymous_user,[],216521
441602848,Great Product,Product is very nice But the size is very large on face Overall quality and bulid up is excellent,Rupesh M.,4,2023-02-13T06:48:17Z,verified_reviewer,[],216521
441587726,Beautiful Product,"Bought this for mom, the colour is making and very light in weight and parallel it looks good on any age",Gaurav T.,5,2023-02-13T05:44:19Z,anonymous_user,[],216521
441448336,Best Frame,"Light Weight, Stylish and Best Service of lens Cart",Rohit ,5,2023-02-12T18:47:09Z,anonymous_user,[],216521
441437091,Not Happy but ok,"I chosen blue thin lens, there is no dust repellent, no smudge resistant as mentioned before while choosing the lens Talking about frame and clarity its good",Rishabh P.,3,2023-02-12T16:12:03Z,anonymous_user,[],216521
441392452,obsessed with this spects,they are just as awesome as lenskart,mamta s.,5,2023-02-12T07:47:36Z,anonymous_user,[],216521
441292300,not fit,glass has loose not fit well,SIYAD P.,4,2023-02-11T11:37:57Z,anonymous_user,[],216521
441212220,very good,happy pitam dada,sukdev d.,4,2023-02-11T05:30:13Z,anonymous_user,[],216521
441040960,best product,its comfortable and good quality,sagar p.,5,2023-02-10T17:41:06Z,verified_reviewer,[],216521
440308804,100%best,good,sunil j.,5,2023-02-09T12:17:21Z,anonymous_user,[],216521
440194666,Very light weight,infinity logo is so good and overall glass so good go for it,Karthik,5,2023-02-09T01:00:21Z,verified_reviewer,[],216521
439475103,Great looking and ultra light weight,Great looking and ultra light weight,Ashutosh G.,5,2023-02-07T16:35:36Z,anonymous_user,[],216521
439449919,super light product,One disappointed thing is that Brand logo was not printed .,Feroz P.,5,2023-02-07T14:11:42Z,verified_reviewer,[],216521
439365258,It looks superb,material is so nice and comfortable,Rudra S.,5,2023-02-07T10:30:04Z,verified_reviewer,[],216521
439326740,husler,"Its a great product, Gives specific vibe of premiumness, amazing totally satisfying with product, wise to connect lenskart for further",Dr P.,5,2023-02-07T09:17:15Z,verified_reviewer,[],216521
439279641,loose fitting,fitting problem is there its loose coming out from my face,Barnali M.,3,2023-02-07T04:47:11Z,anonymous_user,[],216521
439228594,it is just amazing üëåüëå,it is very very fashionable and super light weight and the colour is very good,Himanshi A.,5,2023-02-06T17:56:16Z,verified_reviewer,[],216521
439179049,Awesome product,"Very nice product, comfortable, suits all the parameters mentioned,tried lenskart for the first time, really loved it and the product fits well too #HUSTLR #LENSKART ( colour is so attractive)",Vedant S.,5,2023-02-06T11:56:31Z,verified_reviewer,[],216521
439073611,Blackie,Wowww,Zimpa,5,2023-02-05T14:36:30Z,anonymous_user,[],216521
438979585,Hustlr is a great product.,It is a great product with its quality and looks I purchased it from lenskart store and it looked very nice and it gives me a vibe to do something disruptive and out of the world thing Really a great product Hats off to Peyush Sir,Anshuman D.,5,2023-02-04T16:33:15Z,verified_reviewer,[],216521
438973655,Bought all colors! Amazing Collection,Hustlr has become favourite collection these days Bought all the colours Superb look and fit Extremely light weight,Shrenik T.,5,2023-02-04T15:27:13Z,verified_reviewer,[],216521
438969114,loved it,It looks unique among all other frames in Lenskart.and who ever wears this will have unique style,Ramakrishna ,5,2023-02-04T14:42:36Z,verified_reviewer,[],216521
438409774,lenskart is just awesome,so much good quality of lenskart hustlr Everything is just so good from packaging of the product to its quality very nice,harshit ,5,2023-02-03T13:21:19Z,anonymous_user,[],216521
438127242,Hustlr series looks great!,"This hustlr series is awesome But its looking small on my face, otherwise packing, delivery, quality of the product is upto to the mark Thanks lenskart, and peyush bansal",Abhisinchan,4,2023-02-02T19:05:54Z,verified_reviewer,[],216521
438049699,‚úÖ,Top Quality,Ajith,5,2023-02-02T13:27:36Z,verified_reviewer,[],216521
437903394,good,look premium,Subhankar d.,5,2023-02-02T07:52:00Z,verified_reviewer,[],216521
437337402,Stick issue,The stick of the spec is long otherwise its a great product,Kushagra p.,4,2023-01-31T14:26:17Z,anonymous_user,[],216521
437318009,Great Purchase,"Its Awesome, Very Lightweight doesnt leave maks on nose and feels comfortable, Lenskart should work on box designs",Avishak B.,5,2023-01-31T11:43:22Z,verified_reviewer,[],216521
435384683,Lenskart,Glasses are light in weight Eyeglasses are fit and comfortable for the eyes I had a good experience with spectacle Thank you very much,siva D.,5,2023-01-29T12:17:14Z,verified_reviewer,[],216521
435218581,Good,"Frames are pretty comfortable, awesome but lenses when I tested at the center was giving perfect vision and now on the first day of wearing them and seeing from a far distance I am having some blurry issues, hope it will adjust",KARANVEER ,4,2023-01-28T16:32:04Z,anonymous_user,[],216521
435109598,Medium size not available,"The size suited to my face is medium which is not available, could your team confirm on the availability",Neha S.,3,2023-01-28T05:25:47Z,anonymous_user,[],216521
435099449,very nice quality,Its soo light weight that you cant feel the weight of the spects while wearing it,Chetan K.,5,2023-01-28T04:22:50Z,anonymous_user,[],216521
434852818,great color fantastic model,"excellent product, light weight, fit and comfortable, awesome experience thank you so much",Ishak M.,5,2023-01-27T12:22:33Z,verified_reviewer,[],216521
434773667,lenskart,"Its good, lightweight and the material is also good",Anmol ,4,2023-01-27T08:48:52Z,verified_reviewer,[],216521
434323473,wrong size,"i ordered medium size,but got wide one",Ranjith c.,3,2023-01-25T03:51:19Z,verified_reviewer,[],216521
434026407,very comfortable,glasses are very comfortable to use,Anukrupa K.,5,2023-01-24T08:17:23Z,anonymous_user,[],216521
433866730,Quality,Good Quality Product,MR G.,5,2023-01-24T04:36:37Z,verified_reviewer,[],216521
433859033,Very cool,Thank you Lenskart,afjalur r.,5,2023-01-24T03:50:15Z,anonymous_user,[],216521
433726798,high quality ü§óvery Happy with this,very comfortable to wear light weight and lenses are clear as water,ananya ,5,2023-01-23T12:59:01Z,verified_reviewer,[],216521
433175445,super,hhh,Namburi R.,5,2023-01-20T09:04:57Z,anonymous_user,[],216521
433138795,Product size,"I have check the product in the store, the material is simply best but the size needs to vary , the product has only one size I need 134mm size plz available it",Debasish P.,5,2023-01-20T04:53:58Z,anonymous_user,[],216521
432926969,review,i love the glasses and the quality it looks amazing on me,Alisha N.,5,2023-01-19T12:19:17Z,anonymous_user,[],216521
432912378,Very good perfect fitting,Nice,Madhav p.,5,2023-01-19T10:27:24Z,anonymous_user,[],216521
432712291,good product üëç,look very classy and marvelous,subodh k.,5,2023-01-18T14:30:10Z,verified_reviewer,[],216521
432702779,love this one,perfect fit and lens,Ashtanu D.,5,2023-01-18T13:47:43Z,anonymous_user,[],216521
431781285,totally satisfied,"price is Little bit on higher side but the product is totally worth, super class material , the best part i like is the shoping experience",Sourabh N.,5,2023-01-13T21:28:16Z,anonymous_user,[],216521
431634759,superb product,lens quality is too good also very light frame and its looks nice,Nitesh T.,5,2023-01-13T04:32:14Z,anonymous_user,[],216521
431570411,everything is awesome except XW size,It is my most favourite frame but XW size is not available please work on this issue,Ankur A.,4,2023-01-12T20:58:34Z,verified_reviewer,[],216521
431233694,Excellent Delivery and Good Product,Delivery was very fast,Faizan A.,5,2023-01-11T07:29:39Z,verified_reviewer,[],216521
431056039,amazing frame,"Loved it, very trendy and lightweight",Divyangi S.,5,2023-01-10T17:17:20Z,verified_reviewer,[],216521
430608923,Nice,Nice,Drumil B.,5,2023-01-08T10:38:13Z,anonymous_user,[],216521
428325601,request for available in 145 mm XL size,"with the same color and same frame material, kindly make available in XL size 145 mm and iam looking for your quick response on this, i really like this product, please consider my request and do needful",Vishwanath J.,5,2022-12-28T19:06:25Z,anonymous_user,[],216521
428292368,Awesome products,"its absolutely perfect product as show in the shop,,,",Manav G.,5,2022-12-28T15:42:57Z,anonymous_user,[],216521
427952061,glasses lenskart,loved my new glasses from lenskart There were variety of frames available for everyone according to their needs thank you lenskart,Amit S.,5,2022-12-27T04:48:04Z,anonymous_user,[],216521
427441768,loose fitting,very loose,kaushik,3,2022-12-23T17:30:39Z,verified_reviewer,[],216521
426650618,very good product,very light product looks also good,krishnarjun D.,5,2022-12-20T15:08:57Z,anonymous_user,[],216521
426209054,loved it,"second time I purchased on lenskart,I Love your job , making was perfect and its looks cool,thank you lenskart for great great shopping",dilip p.,5,2022-12-19T02:47:44Z,verified_reviewer,[],216521
426185891,Cool frame,Amazing frame so light weighted and it really gives you a pritty look simply just go for it,Abhay P.,5,2022-12-18T21:50:20Z,verified_reviewer,[],216521
425549324,Loved it,Frame is super trendy Loved it,Akhil n.,5,2022-12-15T16:25:32Z,anonymous_user,[],216521
425517894,Product Review,Awesome Product,Apurba D.,5,2022-12-15T14:12:17Z,anonymous_user,[],216521
425029953,good,good,aditya ,5,2022-12-13T18:21:06Z,verified_reviewer,[],216521
424231400,very Noice,very noiceee,aditya ,5,2022-12-10T04:48:28Z,anonymous_user,[],216521
423520346,good,product is of good quality,Firasath A.,5,2022-12-07T12:54:44Z,verified_reviewer,[],216521
422345438,awesome 5/5 üëç,"looks very good , light weighted, loved it",Bhavantu v.,5,2022-12-02T17:45:14Z,verified_reviewer,[],216521
422344926,frame with glasses,"1-looks really awesome, 2-light weighted loved it",jack s.,5,2022-12-02T17:37:30Z,anonymous_user,[],216521
421289500,excellent,excellent frame with accurate power and clearity with superior quality,TK  ,5,2022-11-27T06:33:57Z,verified_reviewer,[],216521
